old_name,new_name
2109202403011908592.jpeg,1.jpg
2109202403011942968.jpeg,2.jpg
2109202403011996095.jpeg,3.jpg
2109202403012055472.jpeg,4.jpg
2109202403015339918.jpeg,5.jpg
2109202403015407107.jpeg,6.jpg
2109202403015494609.jpeg,7.jpg
2109202403015589925.jpeg,8.jpg
2109202403015655551.jpeg,9.jpg
2109202403015760241.jpeg,10.jpg
2109202403020294627.jpeg,11.jpg
2109202403022302484.jpeg,12.jpg
2109202403022347798.jpeg,13.jpg
2109202403022413424.jpeg,14.jpg
2109202403022485301.jpeg,15.jpg
2109202403022563428.jpeg,16.jpg
2109202403022630616.jpeg,17.jpg
2109202403022708744.jpeg,18.jpg
2109202403022769683.jpeg,19.jpg
2109202403022832184.jpeg,20.jpg
2109202403022879059.jpeg,21.jpg
2109202403022919686.jpeg,22.jpg
2109202403025213486.jpeg,23.jpg
2109202403025271300.jpeg,24.jpg
2109202403025346303.jpeg,25.jpg
2109202403025429117.jpeg,26.jpg
2109202403025490055.jpeg,27.jpg
2109202403025560369.jpeg,28.jpg
2109202403025632246.jpeg,29.jpg
2109202403025702561.jpeg,30.jpg
2109202403025780686.jpeg,31.jpg
2109202403025843189.jpeg,32.jpg
2109202403030233822.jpeg,33.jpg
2109202403031399473.jpeg,34.jpg
2109202403031433848.jpeg,35.jpg
2109202403031490101.jpeg,36.jpg
2109202403031544788.jpeg,37.jpg
2109202403031604165.jpeg,38.jpg
2109202403031657291.jpeg,39.jpg
2109202403031713543.jpeg,40.jpg
2109202403031765106.jpeg,41.jpg
2109202403031813544.jpeg,42.jpg
2109202403031863545.jpeg,43.jpg
2109202403031911984.jpeg,44.jpg
2109202403035843323.jpeg,45.jpg
2109202403035885511.jpeg,46.jpg
2109202403035948011.jpeg,47.jpg
2109202403040013637.jpeg,48.jpg
2109202403040079264.jpeg,49.jpg
2109202403040127703.jpeg,50.jpg
2109202403040201142.jpeg,51.jpg
2109202403040233955.jpeg,52.jpg
2109202403040285519.jpeg,53.jpg
2109202403040316769.jpeg,54.jpg
2109202403040366771.jpeg,55.jpg
2109202403040424585.jpeg,56.jpg
2109202403042632446.jpeg,57.jpg
2109202403042665259.jpeg,58.jpg
2109202403042726199.jpeg,59.jpg
2109202403042782449.jpeg,60.jpg
2109202403042843388.jpeg,61.jpg
2109202403042907453.jpeg,62.jpg
2109202403042974641.jpeg,63.jpg
2109202403043032455.jpeg,64.jpg
2109202403043085581.jpeg,65.jpg
2109202403043146519.jpeg,66.jpg
2109202403043204333.jpeg,67.jpg
2109202403043262147.jpeg,68.jpg
2109202403052923210.jpeg,69.jpg
2109202403053027900.jpeg,70.jpg
2109202403053141965.jpeg,71.jpg
2109202403053229467.jpeg,72.jpg
2109202403053363846.jpeg,73.jpg
2109202403053452909.jpeg,74.jpg
2109202403053584163.jpeg,75.jpg
2109202403053791979.jpeg,76.jpg
2109202403053902921.jpeg,77.jpg
2109202403054015423.jpeg,78.jpg
2109202403055410766.jpeg,79.jpg
2109202403055463892.jpeg,80.jpg
2109202403055563894.jpeg,81.jpg
2109202403055682646.jpeg,82.jpg
2109202403055754523.jpeg,83.jpg
2109202403055854525.jpeg,84.jpg
2109202403055937339.jpeg,85.jpg
2109202403060043592.jpeg,86.jpg
2109202403060177970.jpeg,87.jpg
2109202403060282660.jpeg,88.jpg
2109202403062962408.jpeg,89.jpg
2109202403062982721.jpeg,90.jpg
2109202403063040533.jpeg,91.jpg
2109202403063096786.jpeg,92.jpg
2109202403063157723.jpeg,93.jpg
2109202403063213975.jpeg,94.jpg
2109202403063274914.jpeg,95.jpg
2109202403063334290.jpeg,96.jpg
2109202403063509294.jpeg,97.jpg
2109202403063574920.jpeg,98.jpg
2109202403063662422.jpeg,99.jpg
2109202403063773362.jpeg,100.jpg
2109202403063848365.jpeg,101.jpg
2109202403063915553.jpeg,102.jpg
2109202403063985867.jpeg,103.jpg
2109202403064045243.jpeg,104.jpg
2109202403070245292.jpeg,105.jpg
2109202403070274980.jpeg,106.jpg
2109202403070337482.jpeg,107.jpg
2109202403070390608.jpeg,108.jpg
2109202403070446859.jpeg,109.jpg
2109202403070517175.jpeg,110.jpg
2109202403070554674.jpeg,111.jpg
2109202403070720303.jpeg,112.jpg
2109202403070809367.jpeg,113.jpg
2109202403070874994.jpeg,114.jpg
2109202403070923433.jpeg,115.jpg
2109202403071007809.jpeg,116.jpg
2109202403071087498.jpeg,117.jpg
2109202403071154688.jpeg,118.jpg
2109202403071226564.jpeg,119.jpg
2109202403071282815.jpeg,120.jpg
2109202403074737579.jpeg,121.jpg
2109202403074765705.jpeg,122.jpg
2109202403074821956.jpeg,123.jpg
2109202403074875083.jpeg,124.jpg
2109202403074934459.jpeg,125.jpg
2109202403074986022.jpeg,126.jpg
2109202403075039149.jpeg,127.jpg
2109202403075090712.jpeg,128.jpg
2109202403075267279.jpeg,129.jpg
2109202403075323531.jpeg,130.jpg
2109202403075398532.jpeg,131.jpg
2109202403075479784.jpeg,132.jpg
2109202403075542285.jpeg,133.jpg
2109202403075601661.jpeg,134.jpg
2109202403075659475.jpeg,135.jpg
2109202403075721976.jpeg,136.jpg
2109202403075779790.jpeg,137.jpg
2109202403082509538.jpeg,138.jpg
2109202403082537665.jpeg,139.jpg
2109202403082590790.jpeg,140.jpg
2109202403082653293.jpeg,141.jpg
2109202403082712668.jpeg,142.jpg
2109202403082782982.jpeg,143.jpg
2109202403082832983.jpeg,144.jpg
2109202403082907984.jpeg,145.jpg
2109202403082956423.jpeg,146.jpg
2109202403083122053.jpeg,147.jpg
2109202403083198616.jpeg,148.jpg
2109202403083301743.jpeg,149.jpg
2109202403083372057.jpeg,150.jpg
2109202403083436122.jpeg,151.jpg
2109202403083490810.jpeg,152.jpg
2109202403083562687.jpeg,153.jpg
2109202403083631438.jpeg,154.jpg
2109202403090100231.jpeg,155.jpg
2109202403090158043.jpeg,156.jpg
2109202403090223669.jpeg,157.jpg
2109202403090292420.jpeg,158.jpg
2109202403090359609.jpeg,159.jpg
2109202403090415860.jpeg,160.jpg
2109202403090481486.jpeg,161.jpg
2109202403090537737.jpeg,162.jpg
2109202403090597113.jpeg,163.jpg
2109202403091725256.jpeg,164.jpg
2109202403091773694.jpeg,165.jpg
2109202403091831507.jpeg,166.jpg
2109202403091894008.jpeg,167.jpg
2109202403091967447.jpeg,168.jpg
2109202403092025261.jpeg,169.jpg
2109202403092119012.jpeg,170.jpg
2109202403092189325.jpeg,171.jpg
2109202403092256514.jpeg,172.jpg
2109202403094628427.jpeg,173.jpg
2109202403094672177.jpeg,174.jpg
2109202403094759679.jpeg,175.jpg
2109202403094839368.jpeg,176.jpg
2109202403094903432.jpeg,177.jpg
2109202403094959683.jpeg,178.jpg
2109202403095020621.jpeg,179.jpg
2109202403095075309.jpeg,180.jpg
2109202403095125310.jpeg,181.jpg
2109202403095187811.jpeg,182.jpg
2109202403095251875.jpeg,183.jpg
2109202403095303437.jpeg,184.jpg
2109202403095373751.jpeg,185.jpg
2109202403101639412.jpeg,186.jpg
2109202403101683163.jpeg,187.jpg
2109202403101751916.jpeg,188.jpg
2109202403101812853.jpeg,189.jpg
2109202403101883166.jpeg,190.jpg
2109202403101925354.jpeg,191.jpg
2109202403101983168.jpeg,192.jpg
2109202403102042544.jpeg,193.jpg
2109202403102109732.jpeg,194.jpg
2109202403102176921.jpeg,195.jpg
2109202403102233172.jpeg,196.jpg
2109202403102287860.jpeg,197.jpg
2109202403103805073.jpeg,198.jpg
2109202403103839447.jpeg,199.jpg
2109202403103908200.jpeg,200.jpg
2109202403103989450.jpeg,201.jpg
2109202403104053514.jpeg,202.jpg
2109202403104116014.jpeg,203.jpg
2109202403104187890.jpeg,204.jpg
2109202403104251954.jpeg,205.jpg
2109202403104330080.jpeg,206.jpg
2109202403104401956.jpeg,207.jpg
2109202403104470707.jpeg,208.jpg
2109202403105692602.jpeg,209.jpg
2109202403105731666.jpeg,210.jpg
2109202403105798853.jpeg,211.jpg
2109202403105866043.jpeg,212.jpg
2109202403105945731.jpeg,213.jpg
2109202403105997294.jpeg,214.jpg
2109202403110062920.jpeg,215.jpg
2109202403110123859.jpeg,216.jpg
2109202403110205110.jpeg,217.jpg
2109202403110256675.jpeg,218.jpg
2109202403110320736.jpeg,219.jpg
2109202403112092640.jpeg,220.jpg
2109202403112112953.jpeg,221.jpg
2109202403112164516.jpeg,222.jpg
2109202403112223892.jpeg,223.jpg
2109202403112281705.jpeg,224.jpg
2109202403112331706.jpeg,225.jpg
2109202403112394207.jpeg,226.jpg
2109202403112459833.jpeg,227.jpg
2109202403112498897.jpeg,228.jpg
2109202403112678587.jpeg,229.jpg
2109202403112745775.jpeg,230.jpg
2109202403112827027.jpeg,231.jpg
2109202403112889528.jpeg,232.jpg
2109202403112952030.jpeg,233.jpg
2109202403113011405.jpeg,234.jpg
2109202403113075468.jpeg,235.jpg
2109202403113130156.jpeg,236.jpg
2109202403114683306.jpeg,237.jpg
2109202403114706744.jpeg,238.jpg
2109202403114756744.jpeg,239.jpg
2109202403114805183.jpeg,240.jpg
2109202403114866121.jpeg,241.jpg
2109202403114925497.jpeg,242.jpg
2109202403114983311.jpeg,243.jpg
2109202403115059874.jpeg,244.jpg
2109202403115086438.jpeg,245.jpg
2109202403115241127.jpeg,246.jpg
2109202403115298941.jpeg,247.jpg
2109202403115364568.jpeg,248.jpg
2109202403115439568.jpeg,249.jpg
2109202403115481756.jpeg,250.jpg
2109202403115536444.jpeg,251.jpg
2109202403115595821.jpeg,252.jpg
2109202403115652072.jpeg,253.jpg
2109202403140144459.jpeg,254.jpg
2109202403140171021.jpeg,255.jpg
2109202403140233521.jpeg,256.jpg
2109202403140311648.jpeg,257.jpg
2109202403140371024.jpeg,258.jpg
2109202403140491339.jpeg,259.jpg
2109202403140555402.jpeg,260.jpg
2109202403140599152.jpeg,261.jpg
2109202403140675716.jpeg,262.jpg
2109202403140739779.jpeg,263.jpg
2109202403142067926.jpeg,264.jpg
2109202403142100738.jpeg,265.jpg
2109202403142164804.jpeg,266.jpg
2109202403142231991.jpeg,267.jpg
2109202403142305429.jpeg,268.jpg
2109202403142360118.jpeg,269.jpg
2109202403142416369.jpeg,270.jpg
2109202403142474182.jpeg,271.jpg
2109202403142547621.jpeg,272.jpg
2109202403142611684.jpeg,273.jpg
2109202403142699186.jpeg,274.jpg
2109202403144836720.jpeg,275.jpg
2109202403144877345.jpeg,276.jpg
2109202403144964847.jpeg,277.jpg
2109202403145041410.jpeg,278.jpg
2109202403145125787.jpeg,279.jpg
2109202403145172662.jpeg,280.jpg
2109202403145241414.jpeg,281.jpg
2109202403145297664.jpeg,282.jpg
2109202403150483621.jpeg,283.jpg
2109202403150542997.jpeg,284.jpg
2109202403150614873.jpeg,285.jpg
2109202403150685188.jpeg,286.jpg
2109202403150758625.jpeg,287.jpg
2109202403150819564.jpeg,288.jpg
2109202403150888315.jpeg,289.jpg
2109202403150955504.jpeg,290.jpg
2109202403153711799.jpeg,291.jpg
2109202403153758673.jpeg,292.jpg
2109202403153844612.jpeg,293.jpg
2109202403153955551.jpeg,294.jpg
2109202403154007114.jpeg,295.jpg
2109202403154069615.jpeg,296.jpg
2109202403154144617.jpeg,297.jpg
2109202403154196180.jpeg,298.jpg
2109202403154278995.jpeg,299.jpg
2109202403154349307.jpeg,300.jpg
2109202403154427434.jpeg,301.jpg
2109202403154491497.jpeg,302.jpg
2109202403154560249.jpeg,303.jpg
2109202403155938396.jpeg,304.jpg
2109202403155980583.jpeg,305.jpg
2109202403160050897.jpeg,306.jpg
2109202403160125898.jpeg,307.jpg
2109202403160175899.jpeg,308.jpg
2109202403160238400.jpeg,309.jpg
2109202403160305588.jpeg,310.jpg
2109202403160371214.jpeg,311.jpg
2109202403160464966.jpeg,312.jpg
2109202403160518092.jpeg,313.jpg
2109202403160575905.jpeg,314.jpg
2109202403160630594.jpeg,315.jpg
2109202403160704032.jpeg,316.jpg
2109202403163780645.jpeg,317.jpg
2109202403163819707.jpeg,318.jpg
2109202403163894708.jpeg,319.jpg
2109202403163974397.jpeg,320.jpg
2109202403164041586.jpeg,321.jpg
2109202403164104086.jpeg,322.jpg
2109202403164182213.jpeg,323.jpg
2109202403164236901.jpeg,324.jpg
2109202403164304089.jpeg,325.jpg
2109202403164386903.jpeg,326.jpg
2109202403164449404.jpeg,327.jpg
2109202403164521280.jpeg,328.jpg
2109202403165750987.jpeg,329.jpg
2109202403165847864.jpeg,330.jpg
2109202403165927553.jpeg,331.jpg
2109202403170004116.jpeg,332.jpg
2109202403170082243.jpeg,333.jpg
2109202403170144744.jpeg,334.jpg
2109202403170257246.jpeg,335.jpg
2109202403170327560.jpeg,336.jpg
2109202403170385373.jpeg,337.jpg
2109202403170463499.jpeg,338.jpg
2109202403170536937.jpeg,339.jpg
2109202403172897912.jpeg,340.jpg
2109202403172957289.jpeg,341.jpg
2109202403173029165.jpeg,342.jpg
2109202403173111978.jpeg,343.jpg
2109202403173190105.jpeg,344.jpg
2109202403173244793.jpeg,345.jpg
2109202403173321357.jpeg,346.jpg
2109202403173388545.jpeg,347.jpg
2109202403173460421.jpeg,348.jpg
2109202403175326077.jpeg,349.jpg
2109202403175387015.jpeg,350.jpg
2109202403175449515.jpeg,351.jpg
2109202403175516704.jpeg,352.jpg
2109202403175582330.jpeg,353.jpg
2109202403175649519.jpeg,354.jpg
2109202403175722958.jpeg,355.jpg
2109202403175785458.jpeg,356.jpg
2109202403175866710.jpeg,357.jpg
2109202403181790178.jpeg,358.jpg
2109202403181838616.jpeg,359.jpg
2109202403181916743.jpeg,360.jpg
2109202403182027682.jpeg,361.jpg
2109202403182093308.jpeg,362.jpg
2109202403182154246.jpeg,363.jpg
2109202403182215185.jpeg,364.jpg
2109202403182280810.jpeg,365.jpg
2109202403182357374.jpeg,366.jpg
2109202403182421438.jpeg,367.jpg
2109202403182479251.jpeg,368.jpg
2109202403182565190.jpeg,369.jpg
2109202403184337093.jpeg,370.jpg
2109202403184387096.jpeg,371.jpg
2109202403184421469.jpeg,372.jpg
2109202403184512096.jpeg,373.jpg
2109202403184593348.jpeg,374.jpg
2109202403184648037.jpeg,375.jpg
2109202403184721475.jpeg,376.jpg
2109202403184782413.jpeg,377.jpg
2109202403184843351.jpeg,378.jpg
2109202403184929291.jpeg,379.jpg
2109202403184990229.jpeg,380.jpg
2109202403185068355.jpeg,381.jpg
2109202403190965261.jpeg,382.jpg
2109202403191019949.jpeg,383.jpg
2109202403191074637.jpeg,384.jpg
2109202403191232452.jpeg,385.jpg
2109202403191280890.jpeg,386.jpg
2109202403191360579.jpeg,387.jpg
2109202403191402767.jpeg,388.jpg
2109202403191441830.jpeg,389.jpg
2109202403192059027.jpeg,390.jpg
2109202403192104341.jpeg,391.jpg
2109202403192171529.jpeg,392.jpg
2109202403192232469.jpeg,393.jpg
2109202403192298094.jpeg,394.jpg
2109202403192349657.jpeg,395.jpg
2109202403194849697.jpeg,396.jpg
2109202403194891886.jpeg,397.jpg
2109202403194966887.jpeg,398.jpg
2109202403195046575.jpeg,399.jpg
2109202403195115326.jpeg,400.jpg
2109202403195229391.jpeg,401.jpg
2109202403195726273.jpeg,402.jpg
2109202403195790337.jpeg,403.jpg
2109202403195871588.jpeg,404.jpg
2109202403195932527.jpeg,405.jpg
2109202403195998153.jpeg,406.jpg
2109202403200059092.jpeg,407.jpg
2109202403200135655.jpeg,408.jpg
2109202403200170030.jpeg,409.jpg
2109202403200395035.jpeg,410.jpg
2109202403200484098.jpeg,411.jpg
2109202403200557537.jpeg,412.jpg
2109202403200629413.jpeg,413.jpg
2109202403200691914.jpeg,414.jpg
2109202403200763790.jpeg,415.jpg
2109202403201965372.jpeg,416.jpg
2109202403202024748.jpeg,417.jpg
2109202403202109125.jpeg,418.jpg
2109202403202187250.jpeg,419.jpg
2109202403202271627.jpeg,420.jpg
2109202403202345065.jpeg,421.jpg
2109202403202413816.jpeg,422.jpg
2109202403202476317.jpeg,423.jpg
2109202403202556006.jpeg,424.jpg
2109202403202631007.jpeg,425.jpg
2109202403203731025.jpeg,426.jpg
2109202403203776338.jpeg,427.jpg
2109202403203840401.jpeg,428.jpg
2109202403203907590.jpeg,429.jpg
2109202403203987279.jpeg,430.jpg
2109202403204037280.jpeg,431.jpg
2109202403204104468.jpeg,432.jpg
2109202403204176344.jpeg,433.jpg
2109202403204235720.jpeg,434.jpg
2109202403210076374.jpeg,435.jpg
2109202403210132626.jpeg,436.jpg
2109202403210192002.jpeg,437.jpg
2109202403210256923.jpeg,438.jpg
2109202403210335403.jpeg,439.jpg
2109202403210384880.jpeg,440.jpg
2109202403210442398.jpeg,441.jpg
2109202403210490836.jpeg,442.jpg
2109202403210542400.jpeg,443.jpg
2109202403210595525.jpeg,444.jpg
2109202403210628338.jpeg,445.jpg
2109202403210781466.jpeg,446.jpg
2109202403210868967.jpeg,447.jpg
2109202403210962719.jpeg,448.jpg
2109202403211037720.jpeg,449.jpg
2109202403211106471.jpeg,450.jpg
2109202403211187722.jpeg,451.jpg
2109202403211258036.jpeg,452.jpg
2109202403212890874.jpeg,453.jpg
2109202403212931501.jpeg,454.jpg
2109202403212994001.jpeg,455.jpg
2109202403213056502.jpeg,456.jpg
2109202403213115878.jpeg,457.jpg
2109202403213195567.jpeg,458.jpg
2109202403213297131.jpeg,459.jpg
2109202403213342444.jpeg,460.jpg
2109202403213386195.jpeg,461.jpg
2109202403213429945.jpeg,462.jpg
2109202403213573698.jpeg,463.jpg
2109202403213676825.jpeg,464.jpg
2109202403213748701.jpeg,465.jpg
2109202403213834640.jpeg,466.jpg
2109202403213895578.jpeg,467.jpg
2109202403213976829.jpeg,468.jpg
2109202403214061205.jpeg,469.jpg
2109202403214123706.jpeg,470.jpg
2109202403222383149.jpeg,471.jpg
2109202403222419087.jpeg,472.jpg
2109202403222483151.jpeg,473.jpg
2109202403222544089.jpeg,474.jpg
2109202403222612840.jpeg,475.jpg
2109202403222676905.jpeg,476.jpg
2109202403222753468.jpeg,477.jpg
2109202403230239461.jpeg,478.jpg
2109202403230287899.jpeg,479.jpg
2109202403230361337.jpeg,480.jpg
2109202403230444152.jpeg,481.jpg
2109202403230516027.jpeg,482.jpg
2109202403230576966.jpeg,483.jpg
2109202403230648842.jpeg,484.jpg
2109202403232386370.jpeg,485.jpg
2109202403232425433.jpeg,486.jpg
2109202403232484810.jpeg,487.jpg
2109202403232547310.jpeg,488.jpg
2109202403232661374.jpeg,489.jpg
2109202403232717625.jpeg,490.jpg
2109202403232772314.jpeg,491.jpg
2109202403232833252.jpeg,492.jpg
2109202403232878565.jpeg,493.jpg
2109202403232925441.jpeg,494.jpg
2109202403233062943.jpeg,495.jpg
2109202403233141069.jpeg,496.jpg
2109202403233214508.jpeg,497.jpg
2109202403233347323.jpeg,498.jpg
2109202403233420761.jpeg,499.jpg
2109202403233494200.jpeg,500.jpg
2109202403233566076.jpeg,501.jpg
2109202403235133289.jpeg,502.jpg
2109202403235167665.jpeg,503.jpg
2109202403235228602.jpeg,504.jpg
2109202403235283291.jpeg,505.jpg
2109202403235337979.jpeg,506.jpg
2109202403235402043.jpeg,507.jpg
2109202403235464543.jpeg,508.jpg
2109202403235520794.jpeg,509.jpg
2109202403235575483.jpeg,510.jpg
2109202403235623921.jpeg,511.jpg
2109202403235772361.jpeg,512.jpg
2109202403235877051.jpeg,513.jpg
2109202403240062991.jpeg,514.jpg
2109202403240127054.jpeg,515.jpg
2109202403240195805.jpeg,516.jpg
2109202403240259869.jpeg,517.jpg
2109202403240314557.jpeg,518.jpg
2109202403240381746.jpeg,519.jpg
2109202403242348965.jpeg,520.jpg
2109202403242403654.jpeg,521.jpg
2109202403242469279.jpeg,522.jpg
2109202403242528655.jpeg,523.jpg
2109202403242589593.jpeg,524.jpg
2109202403242642720.jpeg,525.jpg
2109202403242831785.jpeg,526.jpg
2109202403242898974.jpeg,527.jpg
2109202403242992725.jpeg,528.jpg
2109202403243069289.jpeg,529.jpg
2109202403243142728.jpeg,530.jpg
2109202403243205229.jpeg,531.jpg
2109202403243259916.jpeg,532.jpg
2109202403243330230.jpeg,533.jpg
2109202403243392731.jpeg,534.jpg
2109202403243448982.jpeg,535.jpg
2109202403244689628.jpeg,536.jpg
2109202403244714627.jpeg,537.jpg
2109202403244769315.jpeg,538.jpg
2109202403244819316.jpeg,539.jpg
2109202403245028695.jpeg,540.jpg
2109202403245081820.jpeg,541.jpg
2109202403245142759.jpeg,542.jpg
2109202403245209947.jpeg,543.jpg
2109202403245284949.jpeg,544.jpg
2109202403245349012.jpeg,545.jpg
2109202403245439638.jpeg,546.jpg
2109202403245503702.jpeg,547.jpg
2109202403245572454.jpeg,548.jpg
2109202403245674017.jpeg,549.jpg
2109202403245759956.jpeg,550.jpg
2109202403245806832.jpeg,551.jpg
2109202403251284980.jpeg,552.jpg
2109202403251320919.jpeg,553.jpg
2109202403251381857.jpeg,554.jpg
2109202403251445921.jpeg,555.jpg
2109202403251497484.jpeg,556.jpg
2109202403251545922.jpeg,557.jpg
2109202403251597485.jpeg,558.jpg
2109202403251639674.jpeg,559.jpg
2109202403251903740.jpeg,560.jpg
2109202403251970929.jpeg,561.jpg
2109202403252064680.jpeg,562.jpg
2109202403252163119.jpeg,563.jpg
2109202403252253746.jpeg,564.jpg
2109202403252302184.jpeg,565.jpg
2109202403252364685.jpeg,566.jpg
2109202403252420936.jpeg,567.jpg
2109202403254110025.jpeg,568.jpg
2109202403254139714.jpeg,569.jpg
2109202403254191276.jpeg,570.jpg
2109202403254242840.jpeg,571.jpg
2109202403254305341.jpeg,572.jpg
2109202403254356904.jpeg,573.jpg
2109202403254410030.jpeg,574.jpg
2109202403254456906.jpeg,575.jpg
2109202403254627220.jpeg,576.jpg
2109202403254683471.jpeg,577.jpg
2109202403254766284.jpeg,578.jpg
2109202403254860035.jpeg,579.jpg
2109202403254928787.jpeg,580.jpg
2109202403254997537.jpeg,581.jpg
2109202403255061600.jpeg,582.jpg
2109202403255127226.jpeg,583.jpg
2109202403271216382.jpeg,584.jpg
2109202403271242944.jpeg,585.jpg
2109202403271299194.jpeg,586.jpg
2109202403271349195.jpeg,587.jpg
2109202403271402322.jpeg,588.jpg
2109202403271457009.jpeg,589.jpg
2109202403271513260.jpeg,590.jpg
2109202403271557009.jpeg,591.jpg
2109202403271613260.jpeg,592.jpg
2109202403271672636.jpeg,593.jpg
2109202403271727324.jpeg,594.jpg
2109202403273782035.jpeg,595.jpg
2109202403273805473.jpeg,596.jpg
2109202403273867973.jpeg,597.jpg
2109202403273908599.jpeg,598.jpg
2109202403273982038.jpeg,599.jpg
2109202403274038288.jpeg,600.jpg
2109202403274085163.jpeg,601.jpg
2109202403274157039.jpeg,602.jpg
2109202403274222665.jpeg,603.jpg
2109202403274269540.jpeg,604.jpg
2109202403274324229.jpeg,605.jpg
2109202403283075846.jpeg,606.jpg
2109202403283128971.jpeg,607.jpg
2109202403283210222.jpeg,608.jpg
2109202403283269597.jpeg,609.jpg
2109202403283319598.jpeg,610.jpg
2109202403283375848.jpeg,611.jpg
2109202403283428974.jpeg,612.jpg
2109202403283466475.jpeg,613.jpg
2109202403283503976.jpeg,614.jpg
2109202403283555539.jpeg,615.jpg
2109202403283724291.jpeg,616.jpg
2109202403283789917.jpeg,617.jpg
2109202403283843043.jpeg,618.jpg
2109202403283902417.jpeg,619.jpg
2109202403285682125.jpeg,620.jpg
2109202403285708688.jpeg,621.jpg
2109202403285786814.jpeg,622.jpg
2109202403285854002.jpeg,623.jpg
2109202403285954003.jpeg,624.jpg
2109202403290011817.jpeg,625.jpg
2109202403290069629.jpeg,626.jpg
2109202403290121193.jpeg,627.jpg
2109202403290182130.jpeg,628.jpg
2109202403290333695.jpeg,629.jpg
2109202403290394634.jpeg,630.jpg
2109202403290539947.jpeg,631.jpg
2109202403290611823.jpeg,632.jpg
2109202403290675887.jpeg,633.jpg
2109202403293132165.jpeg,634.jpg
2109202403293183728.jpeg,635.jpg
2109202403293247791.jpeg,636.jpg
2109202403293325918.jpeg,637.jpg
2109202403293383731.jpeg,638.jpg
2109202403293446231.jpeg,639.jpg
2109202403293524356.jpeg,640.jpg
2109202403293569671.jpeg,641.jpg
2109202403293632171.jpeg,642.jpg
2109202403293688421.jpeg,643.jpg
2109202403293858735.jpeg,644.jpg
2109202403293960299.jpeg,645.jpg
2109202403294047800.jpeg,646.jpg
2109202403294114988.jpeg,647.jpg
2109202403294177489.jpeg,648.jpg
2109202403294246239.jpeg,649.jpg
2109202403294307179.jpeg,650.jpg
2109202403295974384.jpeg,651.jpg
2109202403300007197.jpeg,652.jpg
2109202403300069698.jpeg,653.jpg
2109202403300129074.jpeg,654.jpg
2109202403300190012.jpeg,655.jpg
2109202403300249388.jpeg,656.jpg
2109202403300304076.jpeg,657.jpg
2109202403300358763.jpeg,658.jpg
2109202403300524390.jpeg,659.jpg
2109202403300597829.jpeg,660.jpg
2109202403300666579.jpeg,661.jpg
2109202403300738456.jpeg,662.jpg
2109202403300800957.jpeg,663.jpg
2109202403300861894.jpeg,664.jpg
2109202403300933770.jpeg,665.jpg
2109202403301002521.jpeg,666.jpg
2109202403301063459.jpeg,667.jpg
2109202403304846315.jpeg,668.jpg
2109202403304885379.jpeg,669.jpg
2109202403304947878.jpeg,670.jpg
2109202403305002567.jpeg,671.jpg
2109202403305083817.jpeg,672.jpg
2109202403305147882.jpeg,673.jpg
2109202403305211944.jpeg,674.jpg
2109202403305294757.jpeg,675.jpg
2109202403305408821.jpeg,676.jpg
2109202403305493198.jpeg,677.jpg
2109202403305582261.jpeg,678.jpg
2109202403305671324.jpeg,679.jpg
2109202403305735387.jpeg,680.jpg
2109202403311557283.jpeg,681.jpg
2109202403311605723.jpeg,682.jpg
2109202403311674472.jpeg,683.jpg
2109202403311749473.jpeg,684.jpg
2109202403311815099.jpeg,685.jpg
2109202403311916662.jpeg,686.jpg
2109202403311977600.jpeg,687.jpg
2109202403312044789.jpeg,688.jpg
2109202403312122915.jpeg,689.jpg
2109202403312183853.jpeg,690.jpg
2109202403312238541.jpeg,691.jpg
2109202403312315104.jpeg,692.jpg
2109202403312388543.jpeg,693.jpg
2109202403314646381.jpeg,694.jpg
2109202403314694820.jpeg,695.jpg
2109202403314762008.jpeg,696.jpg
2109202403314840133.jpeg,697.jpg
2109202403314902634.jpeg,698.jpg
2109202403314972947.jpeg,699.jpg
2109202403315047948.jpeg,700.jpg
2109202403315154199.jpeg,701.jpg
2109202403315232325.jpeg,702.jpg
2109202403315302639.jpeg,703.jpg
2109202403315422953.jpeg,704.jpg
2109202403315485453.jpeg,705.jpg
2109202403321012033.jpeg,706.jpg
2109202403321058909.jpeg,707.jpg
2109202403321129222.jpeg,708.jpg
2109202403321199535.jpeg,709.jpg
2109202403321263599.jpeg,710.jpg
2109202403321363600.jpeg,711.jpg
2109202403321435475.jpeg,712.jpg
2109202403321497976.jpeg,713.jpg
2109202403321560476.jpeg,714.jpg
2109202403321618291.jpeg,715.jpg
2109202403321682353.jpeg,716.jpg
2109202403321769854.jpeg,717.jpg
2109202403325340207.jpeg,718.jpg
2109202403325379270.jpeg,719.jpg
2109202403325444896.jpeg,720.jpg
2109202403325505834.jpeg,721.jpg
2109202403325563647.jpeg,722.jpg
2109202403325637086.jpeg,723.jpg
2109202403325685524.jpeg,724.jpg
2109202403325738649.jpeg,725.jpg
2109202403325849588.jpeg,726.jpg
2109202403330360532.jpeg,727.jpg
2109202403331766798.jpeg,728.jpg
2109202403331808985.jpeg,729.jpg
2109202403331879298.jpeg,730.jpg
2109202403331980862.jpeg,731.jpg
2109202403332029302.jpeg,732.jpg
2109202403332088676.jpeg,733.jpg
2109202403332157427.jpeg,734.jpg
2109202403332229303.jpeg,735.jpg
2109202403332305866.jpeg,736.jpg
2109202403332380867.jpeg,737.jpg
2109202403333954322.jpeg,738.jpg
2109202403333993387.jpeg,739.jpg
2109202403334065261.jpeg,740.jpg
2109202403334135575.jpeg,741.jpg
2109202403334213700.jpeg,742.jpg
2109202403334318389.jpeg,743.jpg
2109202403334385577.jpeg,744.jpg
2109202403334443390.jpeg,745.jpg
2109202403334505891.jpeg,746.jpg
2109202403334569955.jpeg,747.jpg
2109202403341307487.jpeg,748.jpg
2109202403341362173.jpeg,749.jpg
2109202403341426237.jpeg,750.jpg
2109202403341538738.jpeg,751.jpg
2109202403341629365.jpeg,752.jpg
2109202403341694990.jpeg,753.jpg
2109202403341751242.jpeg,754.jpg
2109202403341809054.jpeg,755.jpg
2109202403341880929.jpeg,756.jpg
2109202403341932493.jpeg,757.jpg
2109202403341998118.jpeg,758.jpg
2109202403342071557.jpeg,759.jpg
2109202403343851264.jpeg,760.jpg
2109202403343890328.jpeg,761.jpg
2109202403343996578.jpeg,762.jpg
2109202403344066892.jpeg,763.jpg
2109202403344129395.jpeg,764.jpg
2109202403344198144.jpeg,765.jpg
2109202403344252832.jpeg,766.jpg
2109202403344312207.jpeg,767.jpg
2109202403344374708.jpeg,768.jpg
2109202403344462209.jpeg,769.jpg
2109202403344538772.jpeg,770.jpg
2109202403344605961.jpeg,771.jpg
2109202403350340355.jpeg,772.jpg
2109202403350379418.jpeg,773.jpg
2109202403350537234.jpeg,774.jpg
2109202403350591921.jpeg,775.jpg
2109202403350709111.jpeg,776.jpg
2109202403350771610.jpeg,777.jpg
2109202403350845048.jpeg,778.jpg
2109202403350926300.jpeg,779.jpg
2109202403350990363.jpeg,780.jpg
2109202403351101302.jpeg,781.jpg
2109202403351174740.jpeg,782.jpg
2109202403351240366.jpeg,783.jpg
2109202403351335680.jpeg,784.jpg
2109202403351405993.jpeg,785.jpg
2109202403353485704.jpeg,786.jpg
2109202403353540392.jpeg,787.jpg
2109202403353607580.jpeg,788.jpg
2109202403353679456.jpeg,789.jpg
2109202403353766957.jpeg,790.jpg
2109202403353831020.jpeg,791.jpg
2109202403353901334.jpeg,792.jpg
2109202403353993522.jpeg,793.jpg
2109202403354054460.jpeg,794.jpg
2109202403354127900.jpeg,795.jpg
2109202403354251338.jpeg,796.jpg
2109202403354321651.jpeg,797.jpg
2109202403354406028.jpeg,798.jpg
2109202403354468528.jpeg,799.jpg
2109202403360396674.jpeg,800.jpg
2109202403360438863.jpeg,801.jpg
2109202403360499801.jpeg,802.jpg
2109202403360612302.jpeg,803.jpg
2109202403360665427.jpeg,804.jpg
2109202403360731053.jpeg,805.jpg
2109202403360790429.jpeg,806.jpg
2109202403360845117.jpeg,807.jpg
2109202403360893555.jpeg,808.jpg
2109202403360959181.jpeg,809.jpg
2109202403361027931.jpeg,810.jpg
2109202403361082620.jpeg,811.jpg
2109202403362523261.jpeg,812.jpg
2109202403362562324.jpeg,813.jpg
2109202403362624825.jpeg,814.jpg
2109202403362684200.jpeg,815.jpg
2109202403362796702.jpeg,816.jpg
2109202403362848265.jpeg,817.jpg
2109202403362917017.jpeg,818.jpg
2109202403362993579.jpeg,819.jpg
2109202403363065455.jpeg,820.jpg
2109202403363126393.jpeg,821.jpg
2109202403363188894.jpeg,822.jpg
2109202403363232645.jpeg,823.jpg
2109202403365209229.jpeg,824.jpg
2109202403365249855.jpeg,825.jpg
2109202403365334232.jpeg,826.jpg
2109202403365402981.jpeg,827.jpg
2109202403365482670.jpeg,828.jpg
2109202403365543608.jpeg,829.jpg
2109202403365612359.jpeg,830.jpg
2109202403365673297.jpeg,831.jpg
2109202403365743610.jpeg,832.jpg
2109202403365818612.jpeg,833.jpg
2109202403365888925.jpeg,834.jpg
2109202403365945175.jpeg,835.jpg
2109202403371251440.jpeg,836.jpg
2109202403371292065.jpeg,837.jpg
2109202403371373316.jpeg,838.jpg
2109202403371451442.jpeg,839.jpg
2109202403371515506.jpeg,840.jpg
2109202403371585819.jpeg,841.jpg
2109202403371648320.jpeg,842.jpg
2109202403371709259.jpeg,843.jpg
2109202403371785821.jpeg,844.jpg
2109202403371859260.jpeg,845.jpg
2109202403371928010.jpeg,846.jpg
2109202403371999886.jpeg,847.jpg
2109202403374571790.jpeg,848.jpg
2109202403374621791.jpeg,849.jpg
2109202403374692104.jpeg,850.jpg
2109202403374753042.jpeg,851.jpg
2109202403374826482.jpeg,852.jpg
2109202403374901482.jpeg,853.jpg
2109202403374963982.jpeg,854.jpg
2109202403375026483.jpeg,855.jpg
2109202403375088985.jpeg,856.jpg
2109202403375160859.jpeg,857.jpg
2109202403380410874.jpeg,858.jpg
2109202403380446812.jpeg,859.jpg
2109202403380507750.jpeg,860.jpg
2109202403380573376.jpeg,861.jpg
2109202403380643690.jpeg,862.jpg
2109202403380701502.jpeg,863.jpg
2109202403380764003.jpeg,864.jpg
2109202403380831192.jpeg,865.jpg
2109202403380892130.jpeg,866.jpg
2109202403380953067.jpeg,867.jpg
2109202403382499960.jpeg,868.jpg
2109202403382548398.jpeg,869.jpg
2109202403382617149.jpeg,870.jpg
2109202403382712463.jpeg,871.jpg
2109202403382773401.jpeg,872.jpg
2109202403382843715.jpeg,873.jpg
2109202403382906215.jpeg,874.jpg
2109202403384423419.jpeg,875.jpg
2109202403384462482.jpeg,876.jpg
2109202403384520296.jpeg,877.jpg
2109202403384576546.jpeg,878.jpg
2109202403384643735.jpeg,879.jpg
2109202403384717173.jpeg,880.jpg
2109202403384762487.jpeg,881.jpg
2109202403390731259.jpeg,882.jpg
2109202403390768760.jpeg,883.jpg
2109202403390832823.jpeg,884.jpg
2109202403390929700.jpeg,885.jpg
2109202403390987511.jpeg,886.jpg
2109202403391060951.jpeg,887.jpg
2109202403391112514.jpeg,888.jpg
2109202403391187515.jpeg,889.jpg
2109202403391254703.jpeg,890.jpg
2109202403391309391.jpeg,891.jpg
2109202403391353140.jpeg,892.jpg
2109202403392673468.jpeg,893.jpg
2109202403392706281.jpeg,894.jpg
2109202403392764094.jpeg,895.jpg
2109202403392826596.jpeg,896.jpg
2109202403392892220.jpeg,897.jpg
2109202403392970346.jpeg,898.jpg
2109202403393021910.jpeg,899.jpg
2109202403393084411.jpeg,900.jpg
2109202403393162536.jpeg,901.jpg
2109202403393235974.jpeg,902.jpg
2109202403393295350.jpeg,903.jpg
2109202403394698491.jpeg,904.jpg
2109202403394740680.jpeg,905.jpg
2109202403394803181.jpeg,906.jpg
2109202403394870369.jpeg,907.jpg
2109202403394943806.jpeg,908.jpg
2109202403395020370.jpeg,909.jpg
2109202403395081308.jpeg,910.jpg
2109202403395123496.jpeg,911.jpg
2109202403395376624.jpeg,912.jpg
2109202403395454750.jpeg,913.jpg
2109202403395521938.jpeg,914.jpg
2109202403395596939.jpeg,915.jpg
2109202403395665690.jpeg,916.jpg
2109202403395756316.jpeg,917.jpg
2109202403395823504.jpeg,918.jpg
2109202403395921943.jpeg,919.jpg
2109202403400014131.jpeg,920.jpg
2109202403400082883.jpeg,921.jpg
2109202403401671962.jpeg,922.jpg
2109202403401709464.jpeg,923.jpg
2109202403401762589.jpeg,924.jpg
2109202403401815714.jpeg,925.jpg
2109202403401871965.jpeg,926.jpg
2109202403401920403.jpeg,927.jpg
2109202403401961028.jpeg,928.jpg
2109202403402020404.jpeg,929.jpg
2109202403402070405.jpeg,930.jpg
2109202403402118844.jpeg,931.jpg
2109202403402167281.jpeg,932.jpg
2109202403402306345.jpeg,933.jpg
2109202403402373533.jpeg,934.jpg
2109202403402443846.jpeg,935.jpg
2109202403402651661.jpeg,936.jpg
2109202403405768884.jpeg,937.jpg
2109202403405818885.jpeg,938.jpg
2109202403405889198.jpeg,939.jpg
2109202403405984512.jpeg,940.jpg
2109202403410048575.jpeg,941.jpg
2109202403410120451.jpeg,942.jpg
2109202403410195452.jpeg,943.jpg
2109202403410270453.jpeg,944.jpg
2109202403410339203.jpeg,945.jpg
2109202403410398579.jpeg,946.jpg
2109202403410486080.jpeg,947.jpg
2109202403410545456.jpeg,948.jpg
2109202403410631394.jpeg,949.jpg
2109202403412137662.jpeg,950.jpg
2109202403412170474.jpeg,951.jpg
2109202403412242350.jpeg,952.jpg
2109202403412318913.jpeg,953.jpg
2109202403412395477.jpeg,954.jpg
2109202403412472040.jpeg,955.jpg
2109202403412537667.jpeg,956.jpg
2109202403412609541.jpeg,957.jpg
2109202403412684542.jpeg,958.jpg
2109202403412768919.jpeg,959.jpg
2109202403412851732.jpeg,960.jpg
2109202403412929858.jpeg,961.jpg
2109202403413003296.jpeg,962.jpg
2109202403413681430.jpeg,963.jpg
2109202403413718929.jpeg,964.jpg
2109202403413782993.jpeg,965.jpg
2109202403413879868.jpeg,966.jpg
2109202403413928307.jpeg,967.jpg
2109202403414970506.jpeg,968.jpg
2109202403415020507.jpeg,969.jpg
2109202403415086132.jpeg,970.jpg
2109202403415159571.jpeg,971.jpg
2109202403415215821.jpeg,972.jpg
2109202403420736151.jpeg,973.jpg
2109202403420779902.jpeg,974.jpg
2109202403420840841.jpeg,975.jpg
2109202403420904903.jpeg,976.jpg
2109202403420964279.jpeg,977.jpg
2109202403421023655.jpeg,978.jpg
2109202403421073655.jpeg,979.jpg
2109202403421254907.jpeg,980.jpg
2109202403421311158.jpeg,981.jpg
2109202403421372096.jpeg,982.jpg
2109202403421456473.jpeg,983.jpg
2109202403421565848.jpeg,984.jpg
2109202403421653350.jpeg,985.jpg
2109202403421725225.jpeg,986.jpg
2109202403421786164.jpeg,987.jpg
2109202403423301805.jpeg,988.jpg
2109202403423336181.jpeg,989.jpg
2109202403423411182.jpeg,990.jpg
2109202403423479932.jpeg,991.jpg
2109202403423556496 - Copy.jpeg,992.jpg
2109202403423612747 - Copy.jpeg,993.jpg
2109202403423676810 - Copy.jpeg,994.jpg
2109202403423742435 - Copy.jpeg,995.jpg
2109202403423778373 - Copy.jpeg,996.jpg
2109202403423937750 - Copy.jpeg,997.jpg
2109202403424020564 - Copy.jpeg,998.jpg
2109202403424109628 - Copy.jpeg,999.jpg
2109202403424190878 - Copy.jpeg,1000.jpg
2109202403424281504.jpeg,1001.jpg
2109202403424376818 - Copy.jpeg,1002.jpg
